Class,normalisasi_frekuensi,normalisasi_total
23790255,0.000000,0.541826
1015900,0.000000,0.036632
938634,1.000000,0.003280
21636593,0.272727,1.000000
22644226,0.363636,0.045380
24297067,0.181818,0.000000
789904,0.454545,0.751777
1301299,0.181818,0.140514