normalisasi_frekuensi,normalisasi_total,ClusterId
0.0,0.541826,1
0.0,0.036632,2
1.0,0.00328,0
0.272727,1.0,1
0.363636,0.04538,2
0.181818,0.0,2
0.454545,0.751777,1
0.181818,0.140514,2
